,title,release_date,characters,YEAR,Gender,RANK,Name,Count
0,Man of Steel,2013-06-12,JONATHAN,2005,Male,11,JONATHAN,2631
1,Man of Steel,2013-06-12,JONATHAN,2006,Male,13,JONATHAN,2617
2,Man of Steel,2013-06-12,JONATHAN,2007,Male,15,JONATHAN,2489
3,Man of Steel,2013-06-12,JONATHAN,2008,Male,15,JONATHAN,2302
4,Man of Steel,2013-06-12,JONATHAN,2009,Male,18,JONATHAN,2053
5,Man of Steel,2013-06-12,JONATHAN,2010,Male,16,JONATHAN,1980
6,Man of Steel,2013-06-12,JONATHAN,2011,Male,17,JONATHAN,1867
7,Man of Steel,2013-06-12,JONATHAN,2012,Male,19,JONATHAN,1722
8,Doctor Strange,2016-10-25,JONATHAN,2005,Male,11,JONATHAN,2631
9,Doctor Strange,2016-10-25,JONATHAN,2006,Male,13,JONATHAN,2617
10,Doctor Strange,2016-10-25,JONATHAN,2007,Male,15,JONATHAN,2489
11,Doctor Strange,2016-10-25,JONATHAN,2008,Male,15,JONATHAN,2302
12,Doctor Strange,2016-10-25,JONATHAN,2009,Male,18,JONATHAN,2053
13,Doctor Strange,2016-10-25,JONATHAN,2010,Male,16,JONATHAN,1980
14,Doctor Strange,2016-10-25,JONATHAN,2011,Male,17,JONATHAN,1867
15,Doctor Strange,2016-10-25,JONATHAN,2012,Male,19,JONATHAN,1722
16,Stranger Things,2016-07-15,JONATHAN,2005,Male,11,JONATHAN,2631
17,Stranger Things,2016-07-15,JONATHAN,2006,Male,13,JONATHAN,2617
18,Stranger Things,2016-07-15,JONATHAN,2007,Male,15,JONATHAN,2489
19,Stranger Things,2016-07-15,JONATHAN,2008,Male,15,JONATHAN,2302
20,Stranger Things,2016-07-15,JONATHAN,2009,Male,18,JONATHAN,2053
21,Stranger Things,2016-07-15,JONATHAN,2010,Male,16,JONATHAN,1980
22,Stranger Things,2016-07-15,JONATHAN,2011,Male,17,JONATHAN,1867
23,Stranger Things,2016-07-15,JONATHAN,2012,Male,19,JONATHAN,1722
24,Despicable Me 2,2013-06-25,KEVIN,2005,Male,20,KEVIN,2188
25,Despicable Me 2,2013-06-25,KEVIN,2006,Male,23,KEVIN,2043
26,Despicable Me 2,2013-06-25,KEVIN,2007,Male,20,KEVIN,2080
27,Despicable Me 2,2013-06-25,KEVIN,2008,Male,23,KEVIN,1912
28,Chicago P.D.,2014-01-08,KEVIN,2005,Male,20,KEVIN,2188
29,Chicago P.D.,2014-01-08,KEVIN,2006,Male,23,KEVIN,2043
30,Chicago P.D.,2014-01-08,KEVIN,2007,Male,20,KEVIN,2080
31,Chicago P.D.,2014-01-08,KEVIN,2008,Male,23,KEVIN,1912
32,This Is Us,2016-09-20,KEVIN,2005,Male,20,KEVIN,2188
33,This Is Us,2016-09-20,KEVIN,2006,Male,23,KEVIN,2043
34,This Is Us,2016-09-20,KEVIN,2007,Male,20,KEVIN,2080
35,This Is Us,2016-09-20,KEVIN,2008,Male,23,KEVIN,1912
36,Riverdale,2017-01-26,KEVIN,2005,Male,20,KEVIN,2188
37,Riverdale,2017-01-26,KEVIN,2006,Male,23,KEVIN,2043
38,Riverdale,2017-01-26,KEVIN,2007,Male,20,KEVIN,2080
39,Riverdale,2017-01-26,KEVIN,2008,Male,23,KEVIN,1912
40,13 Reasons Why,2017-03-31,KEVIN,2005,Male,20,KEVIN,2188
41,13 Reasons Why,2017-03-31,KEVIN,2006,Male,23,KEVIN,2043
42,13 Reasons Why,2017-03-31,KEVIN,2007,Male,20,KEVIN,2080
43,13 Reasons Why,2017-03-31,KEVIN,2008,Male,23,KEVIN,1912
44,The Conjuring,2013-03-20,ANDREA,2005,Female,22,ANDREA,1197
45,The Conjuring,2013-03-20,ANDREA,2006,Female,17,ANDREA,1308
46,The Conjuring,2013-03-20,ANDREA,2007,Female,20,ANDREA,1261
47,The Conjuring,2013-03-20,ANDREA,2008,Female,21,ANDREA,1101
48,The Conjuring,2013-03-20,ANDREA,2009,Female,20,ANDREA,1044
49,The Conjuring,2013-03-20,ANDREA,2011,Female,22,ANDREA,924
50,Texas Chainsaw 3D,2013-01-03,RYAN,2005,Male,17,RYAN,2323
51,Texas Chainsaw 3D,2013-01-03,RYAN,2006,Male,24,RYAN,2043
52,Texas Chainsaw 3D,2013-01-03,RYAN,2007,Male,24,RYAN,1966
53,Texas Chainsaw 3D,2013-01-03,RYAN,2008,Male,25,RYAN,1828
54,Whiplash,2014-10-10,RYAN,2005,Male,17,RYAN,2323
55,Whiplash,2014-10-10,RYAN,2006,Male,24,RYAN,2043
56,Whiplash,2014-10-10,RYAN,2007,Male,24,RYAN,1966
57,Whiplash,2014-10-10,RYAN,2008,Male,25,RYAN,1828
58,13 Reasons Why,2017-03-31,RYAN,2005,Male,17,RYAN,2323
59,13 Reasons Why,2017-03-31,RYAN,2006,Male,24,RYAN,2043
60,13 Reasons Why,2017-03-31,RYAN,2007,Male,24,RYAN,1966
61,13 Reasons Why,2017-03-31,RYAN,2008,Male,25,RYAN,1828
62,Whiplash,2014-10-10,ANDREW,2005,Male,7,ANDREW,3136
63,Whiplash,2014-10-10,ANDREW,2006,Male,6,ANDREW,3114
64,Whiplash,2014-10-10,ANDREW,2007,Male,6,ANDREW,3013
65,Whiplash,2014-10-10,ANDREW,2008,Male,7,ANDREW,2825
66,Whiplash,2014-10-10,ANDREW,2009,Male,8,ANDREW,2575
67,Whiplash,2014-10-10,ANDREW,2010,Male,9,ANDREW,2371
68,Whiplash,2014-10-10,ANDREW,2011,Male,9,ANDREW,2276
69,Whiplash,2014-10-10,ANDREW,2012,Male,10,ANDREW,2134
70,Whiplash,2014-10-10,ANDREW,2013,Male,12,ANDREW,1917
71,Whiplash,2014-10-10,ANDREW,2014,Male,12,ANDREW,1901
72,Whiplash,2014-10-10,ANDREW,2015,Male,20,ANDREW,1602
73,Big Mouth,2017-09-29,ANDREW,2005,Male,7,ANDREW,3136
74,Big Mouth,2017-09-29,ANDREW,2006,Male,6,ANDREW,3114
75,Big Mouth,2017-09-29,ANDREW,2007,Male,6,ANDREW,3013
76,Big Mouth,2017-09-29,ANDREW,2008,Male,7,ANDREW,2825
77,Big Mouth,2017-09-29,ANDREW,2009,Male,8,ANDREW,2575
78,Big Mouth,2017-09-29,ANDREW,2010,Male,9,ANDREW,2371
79,Big Mouth,2017-09-29,ANDREW,2011,Male,9,ANDREW,2276
80,Big Mouth,2017-09-29,ANDREW,2012,Male,10,ANDREW,2134
81,Big Mouth,2017-09-29,ANDREW,2013,Male,12,ANDREW,1917
82,Big Mouth,2017-09-29,ANDREW,2014,Male,12,ANDREW,1901
83,Big Mouth,2017-09-29,ANDREW,2015,Male,20,ANDREW,1602
84,Big Hero 6,2014-10-24,ABIGAIL,2005,Female,15,ABIGAIL,1368
85,Big Hero 6,2014-10-24,ABIGAIL,2006,Female,9,ABIGAIL,1474
86,Big Hero 6,2014-10-24,ABIGAIL,2007,Female,13,ABIGAIL,1432
87,Big Hero 6,2014-10-24,ABIGAIL,2008,Female,9,ABIGAIL,1564
88,Big Hero 6,2014-10-24,ABIGAIL,2009,Female,9,ABIGAIL,1546
89,Big Hero 6,2014-10-24,ABIGAIL,2010,Female,8,ABIGAIL,1610
90,Big Hero 6,2014-10-24,ABIGAIL,2011,Female,8,ABIGAIL,1553
91,Big Hero 6,2014-10-24,ABIGAIL,2012,Female,8,ABIGAIL,1638
92,Big Hero 6,2014-10-24,ABIGAIL,2013,Female,8,ABIGAIL,1486
93,Big Hero 6,2014-10-24,ABIGAIL,2014,Female,9,ABIGAIL,1521
94,Big Hero 6,2014-10-24,ABIGAIL,2015,Female,8,ABIGAIL,1762
95,Big Hero 6,2014-10-24,ABIGAIL,2016,Female,10,ABIGAIL,1583
96,Big Hero 6,2014-10-24,ABIGAIL,2017,Female,9,ABIGAIL,1544
97,Fury,2014-10-15,EMMA,2005,Female,8,EMMA,1626
98,Fury,2014-10-15,EMMA,2006,Female,8,EMMA,1540
99,Fury,2014-10-15,EMMA,2007,Female,8,EMMA,1620
100,Fury,2014-10-15,EMMA,2008,Female,8,EMMA,1734
101,Fury,2014-10-15,EMMA,2009,Female,7,EMMA,1701
102,Fury,2014-10-15,EMMA,2010,Female,5,EMMA,1768
103,Fury,2014-10-15,EMMA,2011,Female,5,EMMA,2107
104,Fury,2014-10-15,EMMA,2012,Female,3,EMMA,2423
105,Fury,2014-10-15,EMMA,2013,Female,4,EMMA,2466
106,Fury,2014-10-15,EMMA,2014,Female,3,EMMA,2666
107,Fury,2014-10-15,EMMA,2015,Female,3,EMMA,2694
108,Fury,2014-10-15,EMMA,2016,Female,3,EMMA,2581
109,Fury,2014-10-15,EMMA,2017,Female,1,EMMA,2734
110,Terminator Genisys,2015-06-23,SARAH,2005,Female,20,SARAH,1208
111,Terminator Genisys,2015-06-23,SARAH,2006,Female,24,SARAH,1152
112,Chicago Med,2015-11-17,SARAH,2005,Female,20,SARAH,1208
113,Chicago Med,2015-11-17,SARAH,2006,Female,24,SARAH,1152
114,Avengers: Age of Ultron,2015-04-22,JAMES,2014,Male,23,JAMES,1575
115,Avengers: Age of Ultron,2015-04-22,JAMES,2015,Male,21,JAMES,1530
116,Avengers: Age of Ultron,2015-04-22,JAMES,2016,Male,19,JAMES,1620
117,Avengers: Age of Ultron,2015-04-22,JAMES,2017,Male,21,JAMES,1508
118,Kong: Skull Island,2017-03-08,JAMES,2014,Male,23,JAMES,1575
119,Kong: Skull Island,2017-03-08,JAMES,2015,Male,21,JAMES,1530
120,Kong: Skull Island,2017-03-08,JAMES,2016,Male,19,JAMES,1620
121,Kong: Skull Island,2017-03-08,JAMES,2017,Male,21,JAMES,1508
122,Gotham,2014-09-22,JAMES,2014,Male,23,JAMES,1575
123,Gotham,2014-09-22,JAMES,2015,Male,21,JAMES,1530
124,Gotham,2014-09-22,JAMES,2016,Male,19,JAMES,1620
125,Gotham,2014-09-22,JAMES,2017,Male,21,JAMES,1508
126,Power,2014-06-07,JAMES,2014,Male,23,JAMES,1575
127,Power,2014-06-07,JAMES,2015,Male,21,JAMES,1530
128,Power,2014-06-07,JAMES,2016,Male,19,JAMES,1620
129,Power,2014-06-07,JAMES,2017,Male,21,JAMES,1508
130,Supergirl,2015-10-26,JAMES,2014,Male,23,JAMES,1575
131,Supergirl,2015-10-26,JAMES,2015,Male,21,JAMES,1530
132,Supergirl,2015-10-26,JAMES,2016,Male,19,JAMES,1620
133,Supergirl,2015-10-26,JAMES,2017,Male,21,JAMES,1508
134,The End of the F***ing World,2017-10-24,JAMES,2014,Male,23,JAMES,1575
135,The End of the F***ing World,2017-10-24,JAMES,2015,Male,21,JAMES,1530
136,The End of the F***ing World,2017-10-24,JAMES,2016,Male,19,JAMES,1620
137,The End of the F***ing World,2017-10-24,JAMES,2017,Male,21,JAMES,1508
138,Ant-Man,2015-07-14,LUIS,2005,Male,23,LUIS,1987
139,Ant-Man,2015-07-14,LUIS,2006,Male,22,LUIS,2058
140,Ant-Man,2015-07-14,LUIS,2007,Male,22,LUIS,1998
141,Deadpool,2016-02-09,VANESSA,2005,Female,25,VANESSA,1151
142,Deadpool,2016-02-09,VANESSA,2007,Female,21,VANESSA,1204
143,Deadpool,2016-02-09,VANESSA,2008,Female,25,VANESSA,1027
144,X-Men: Apocalypse,2016-05-18,ANGEL,2005,Male,3,ANGEL,3538
145,X-Men: Apocalypse,2016-05-18,ANGEL,2006,Male,3,ANGEL,3706
146,X-Men: Apocalypse,2016-05-18,ANGEL,2007,Male,3,ANGEL,3520
147,X-Men: Apocalypse,2016-05-18,ANGEL,2008,Male,3,ANGEL,3189
148,X-Men: Apocalypse,2016-05-18,ANGEL,2009,Male,3,ANGEL,3021
149,X-Men: Apocalypse,2016-05-18,ANGEL,2010,Male,5,ANGEL,2543
150,X-Men: Apocalypse,2016-05-18,ANGEL,2011,Male,12,ANGEL,2152
151,X-Men: Apocalypse,2016-05-18,ANGEL,2012,Male,14,ANGEL,1940
152,X-Men: Apocalypse,2016-05-18,ANGEL,2013,Male,17,ANGEL,1753
153,X-Men: Apocalypse,2016-05-18,ANGEL,2014,Male,21,ANGEL,1642
154,X-Men: Apocalypse,2016-05-18,ANGEL,2015,Male,22,ANGEL,1525
155,London Has Fallen,2016-03-02,BENJAMIN,2011,Male,24,BENJAMIN,1582
156,London Has Fallen,2016-03-02,BENJAMIN,2012,Male,22,BENJAMIN,1663
157,London Has Fallen,2016-03-02,BENJAMIN,2013,Male,14,BENJAMIN,1841
158,London Has Fallen,2016-03-02,BENJAMIN,2014,Male,14,BENJAMIN,1869
159,London Has Fallen,2016-03-02,BENJAMIN,2015,Male,15,BENJAMIN,1813
160,London Has Fallen,2016-03-02,BENJAMIN,2016,Male,10,BENJAMIN,1910
161,London Has Fallen,2016-03-02,BENJAMIN,2017,Male,11,BENJAMIN,1850
162,La La Land,2016-11-29,SEBASTIAN,2013,Male,21,SEBASTIAN,1650
163,La La Land,2016-11-29,SEBASTIAN,2014,Male,9,SEBASTIAN,2015
164,La La Land,2016-11-29,SEBASTIAN,2015,Male,8,SEBASTIAN,2064
165,La La Land,2016-11-29,SEBASTIAN,2016,Male,6,SEBASTIAN,2254
166,La La Land,2016-11-29,SEBASTIAN,2017,Male,2,SEBASTIAN,2267
167,NCIS: New Orleans,2014-09-23,SEBASTIAN,2013,Male,21,SEBASTIAN,1650
168,NCIS: New Orleans,2014-09-23,SEBASTIAN,2014,Male,9,SEBASTIAN,2015
169,NCIS: New Orleans,2014-09-23,SEBASTIAN,2015,Male,8,SEBASTIAN,2064
170,NCIS: New Orleans,2014-09-23,SEBASTIAN,2016,Male,6,SEBASTIAN,2254
171,NCIS: New Orleans,2014-09-23,SEBASTIAN,2017,Male,2,SEBASTIAN,2267
172,La La Land,2016-11-29,MIA,2005,Female,5,MIA,2172
173,La La Land,2016-11-29,MIA,2006,Female,4,MIA,2425
174,La La Land,2016-11-29,MIA,2007,Female,6,MIA,2054
175,La La Land,2016-11-29,MIA,2008,Female,7,MIA,1834
176,La La Land,2016-11-29,MIA,2009,Female,4,MIA,2098
177,La La Land,2016-11-29,MIA,2010,Female,4,MIA,1999
178,La La Land,2016-11-29,MIA,2011,Female,4,MIA,2291
179,La La Land,2016-11-29,MIA,2012,Female,5,MIA,2307
180,La La Land,2016-11-29,MIA,2013,Female,3,MIA,2579
181,La La Land,2016-11-29,MIA,2014,Female,4,MIA,2608
182,La La Land,2016-11-29,MIA,2015,Female,2,MIA,2846
183,La La Land,2016-11-29,MIA,2016,Female,1,MIA,2788
184,La La Land,2016-11-29,MIA,2017,Female,2,MIA,2581
185,La La Land,2016-11-29,ALEXIS,2005,Female,21,ALEXIS,1201
186,La La Land,2016-11-29,ALEXIS,2009,Female,24,ALEXIS,977
187,Spider-Man: Homecoming,2017-07-05,ADRIAN,2006,Male,19,ADRIAN,2104
188,Spider-Man: Homecoming,2017-07-05,ADRIAN,2007,Male,18,ADRIAN,2144
189,Spider-Man: Homecoming,2017-07-05,ADRIAN,2008,Male,17,ADRIAN,2134
190,Spider-Man: Homecoming,2017-07-05,ADRIAN,2009,Male,16,ADRIAN,2093
191,Spider-Man: Homecoming,2017-07-05,ADRIAN,2010,Male,17,ADRIAN,1957
192,Spider-Man: Homecoming,2017-07-05,ADRIAN,2011,Male,20,ADRIAN,1804
193,Spider-Man: Homecoming,2017-07-05,ADRIAN,2012,Male,18,ADRIAN,1782
194,Spider-Man: Homecoming,2017-07-05,ADRIAN,2013,Male,20,ADRIAN,1673
195,Spider-Man: Homecoming,2017-07-05,ADRIAN,2014,Male,24,ADRIAN,1572
196,Spider-Man: Homecoming,2017-07-05,ADRIAN,2015,Male,23,ADRIAN,1514
197,Spider-Man: Homecoming,2017-07-05,AARON,2011,Male,25,AARON,1525
198,Spider-Man: Homecoming,2017-07-05,AARON,2013,Male,25,AARON,1518
199,Spider-Man: Homecoming,2017-07-05,AARON,2014,Male,20,AARON,1645
200,Spider-Man: Homecoming,2017-07-05,AARON,2016,Male,22,AARON,1550
201,Spider-Man: Homecoming,2017-07-05,AARON,2017,Male,18,AARON,1528
202,Designated Survivor,2016-09-21,AARON,2011,Male,25,AARON,1525
203,Designated Survivor,2016-09-21,AARON,2013,Male,25,AARON,1518
204,Designated Survivor,2016-09-21,AARON,2014,Male,20,AARON,1645
205,Designated Survivor,2016-09-21,AARON,2016,Male,22,AARON,1550
206,Designated Survivor,2016-09-21,AARON,2017,Male,18,AARON,1528
207,Logan,2017-02-28,LOGAN,2014,Male,25,LOGAN,1543
208,Logan,2017-02-28,LOGAN,2017,Male,12,LOGAN,1774
209,Kong: Skull Island,2017-03-08,MASON,2011,Male,19,MASON,1823
210,Kong: Skull Island,2017-03-08,MASON,2012,Male,17,MASON,1823
211,Kong: Skull Island,2017-03-08,MASON,2013,Male,18,MASON,1736
212,Kong: Skull Island,2017-03-08,MASON,2014,Male,18,MASON,1816
213,Kong: Skull Island,2017-03-08,MASON,2015,Male,18,MASON,1692
214,Kong: Skull Island,2017-03-08,MASON,2016,Male,25,MASON,1518
215,Rick and Morty,2013-12-02,JESSICA,2005,Female,13,JESSICA,1406
216,Rick and Morty,2013-12-02,JESSICA,2006,Female,18,JESSICA,1257
217,13 Reasons Why,2017-03-31,JESSICA,2005,Female,13,JESSICA,1406
218,13 Reasons Why,2017-03-31,JESSICA,2006,Female,18,JESSICA,1257
219,The Blacklist,2013-09-23,ELIZABETH,2005,Female,12,ELIZABETH,1479
220,The Blacklist,2013-09-23,ELIZABETH,2006,Female,12,ELIZABETH,1416
221,The Blacklist,2013-09-23,ELIZABETH,2007,Female,11,ELIZABETH,1502
222,The Blacklist,2013-09-23,ELIZABETH,2008,Female,12,ELIZABETH,1406
223,The Blacklist,2013-09-23,ELIZABETH,2009,Female,12,ELIZABETH,1303
224,The Blacklist,2013-09-23,ELIZABETH,2010,Female,15,ELIZABETH,1115
225,The Blacklist,2013-09-23,ELIZABETH,2011,Female,15,ELIZABETH,1196
226,The Blacklist,2013-09-23,ELIZABETH,2012,Female,14,ELIZABETH,1094
227,The Blacklist,2013-09-23,ELIZABETH,2013,Female,14,ELIZABETH,1056
228,The Blacklist,2013-09-23,ELIZABETH,2014,Female,15,ELIZABETH,1078
229,The Blacklist,2013-09-23,ELIZABETH,2015,Female,18,ELIZABETH,990
230,The Blacklist,2013-09-23,ELIZABETH,2016,Female,18,ELIZABETH,1016
231,The Blacklist,2013-09-23,ELIZABETH,2017,Female,20,ELIZABETH,967
232,Peaky Blinders,2013-09-12,MICHAEL,2005,Male,10,MICHAEL,2730
233,Peaky Blinders,2013-09-12,MICHAEL,2006,Male,12,MICHAEL,2711
234,Peaky Blinders,2013-09-12,MICHAEL,2007,Male,13,MICHAEL,2544
235,Peaky Blinders,2013-09-12,MICHAEL,2008,Male,14,MICHAEL,2495
236,Peaky Blinders,2013-09-12,MICHAEL,2009,Male,12,MICHAEL,2336
237,Peaky Blinders,2013-09-12,MICHAEL,2010,Male,14,MICHAEL,2080
238,Peaky Blinders,2013-09-12,MICHAEL,2011,Male,13,MICHAEL,2090
239,Peaky Blinders,2013-09-12,MICHAEL,2012,Male,12,MICHAEL,1985
240,Peaky Blinders,2013-09-12,MICHAEL,2013,Male,11,MICHAEL,1963
241,Peaky Blinders,2013-09-12,MICHAEL,2014,Male,11,MICHAEL,1985
242,Peaky Blinders,2013-09-12,MICHAEL,2015,Male,13,MICHAEL,1852
243,Peaky Blinders,2013-09-12,MICHAEL,2016,Male,13,MICHAEL,1759
244,Peaky Blinders,2013-09-12,MICHAEL,2017,Male,22,MICHAEL,1507
245,Jane the Virgin,2014-10-13,MICHAEL,2005,Male,10,MICHAEL,2730
246,Jane the Virgin,2014-10-13,MICHAEL,2006,Male,12,MICHAEL,2711
247,Jane the Virgin,2014-10-13,MICHAEL,2007,Male,13,MICHAEL,2544
248,Jane the Virgin,2014-10-13,MICHAEL,2008,Male,14,MICHAEL,2495
249,Jane the Virgin,2014-10-13,MICHAEL,2009,Male,12,MICHAEL,2336
250,Jane the Virgin,2014-10-13,MICHAEL,2010,Male,14,MICHAEL,2080
251,Jane the Virgin,2014-10-13,MICHAEL,2011,Male,13,MICHAEL,2090
252,Jane the Virgin,2014-10-13,MICHAEL,2012,Male,12,MICHAEL,1985
253,Jane the Virgin,2014-10-13,MICHAEL,2013,Male,11,MICHAEL,1963
254,Jane the Virgin,2014-10-13,MICHAEL,2014,Male,11,MICHAEL,1985
255,Jane the Virgin,2014-10-13,MICHAEL,2015,Male,13,MICHAEL,1852
256,Jane the Virgin,2014-10-13,MICHAEL,2016,Male,13,MICHAEL,1759
257,Jane the Virgin,2014-10-13,MICHAEL,2017,Male,22,MICHAEL,1507
258,The Crown,2016-11-04,MICHAEL,2005,Male,10,MICHAEL,2730
259,The Crown,2016-11-04,MICHAEL,2006,Male,12,MICHAEL,2711
260,The Crown,2016-11-04,MICHAEL,2007,Male,13,MICHAEL,2544
261,The Crown,2016-11-04,MICHAEL,2008,Male,14,MICHAEL,2495
262,The Crown,2016-11-04,MICHAEL,2009,Male,12,MICHAEL,2336
263,The Crown,2016-11-04,MICHAEL,2010,Male,14,MICHAEL,2080
264,The Crown,2016-11-04,MICHAEL,2011,Male,13,MICHAEL,2090
265,The Crown,2016-11-04,MICHAEL,2012,Male,12,MICHAEL,1985
266,The Crown,2016-11-04,MICHAEL,2013,Male,11,MICHAEL,1963
267,The Crown,2016-11-04,MICHAEL,2014,Male,11,MICHAEL,1985
268,The Crown,2016-11-04,MICHAEL,2015,Male,13,MICHAEL,1852
269,The Crown,2016-11-04,MICHAEL,2016,Male,13,MICHAEL,1759
270,The Crown,2016-11-04,MICHAEL,2017,Male,22,MICHAEL,1507
271,The Good Place,2016-09-19,MICHAEL,2005,Male,10,MICHAEL,2730
272,The Good Place,2016-09-19,MICHAEL,2006,Male,12,MICHAEL,2711
273,The Good Place,2016-09-19,MICHAEL,2007,Male,13,MICHAEL,2544
274,The Good Place,2016-09-19,MICHAEL,2008,Male,14,MICHAEL,2495
275,The Good Place,2016-09-19,MICHAEL,2009,Male,12,MICHAEL,2336
276,The Good Place,2016-09-19,MICHAEL,2010,Male,14,MICHAEL,2080
277,The Good Place,2016-09-19,MICHAEL,2011,Male,13,MICHAEL,2090
278,The Good Place,2016-09-19,MICHAEL,2012,Male,12,MICHAEL,1985
279,The Good Place,2016-09-19,MICHAEL,2013,Male,11,MICHAEL,1963
280,The Good Place,2016-09-19,MICHAEL,2014,Male,11,MICHAEL,1985
281,The Good Place,2016-09-19,MICHAEL,2015,Male,13,MICHAEL,1852
282,The Good Place,2016-09-19,MICHAEL,2016,Male,13,MICHAEL,1759
283,The Good Place,2016-09-19,MICHAEL,2017,Male,22,MICHAEL,1507
284,S.W.A.T.,2017-11-02,MICHAEL,2005,Male,10,MICHAEL,2730
285,S.W.A.T.,2017-11-02,MICHAEL,2006,Male,12,MICHAEL,2711
286,S.W.A.T.,2017-11-02,MICHAEL,2007,Male,13,MICHAEL,2544
287,S.W.A.T.,2017-11-02,MICHAEL,2008,Male,14,MICHAEL,2495
288,S.W.A.T.,2017-11-02,MICHAEL,2009,Male,12,MICHAEL,2336
289,S.W.A.T.,2017-11-02,MICHAEL,2010,Male,14,MICHAEL,2080
290,S.W.A.T.,2017-11-02,MICHAEL,2011,Male,13,MICHAEL,2090
291,S.W.A.T.,2017-11-02,MICHAEL,2012,Male,12,MICHAEL,1985
292,S.W.A.T.,2017-11-02,MICHAEL,2013,Male,11,MICHAEL,1963
293,S.W.A.T.,2017-11-02,MICHAEL,2014,Male,11,MICHAEL,1985
294,S.W.A.T.,2017-11-02,MICHAEL,2015,Male,13,MICHAEL,1852
295,S.W.A.T.,2017-11-02,MICHAEL,2016,Male,13,MICHAEL,1759
296,S.W.A.T.,2017-11-02,MICHAEL,2017,Male,22,MICHAEL,1507
297,Star Trek: Discovery,2017-09-24,MICHAEL,2005,Male,10,MICHAEL,2730
298,Star Trek: Discovery,2017-09-24,MICHAEL,2006,Male,12,MICHAEL,2711
299,Star Trek: Discovery,2017-09-24,MICHAEL,2007,Male,13,MICHAEL,2544
300,Star Trek: Discovery,2017-09-24,MICHAEL,2008,Male,14,MICHAEL,2495
301,Star Trek: Discovery,2017-09-24,MICHAEL,2009,Male,12,MICHAEL,2336
302,Star Trek: Discovery,2017-09-24,MICHAEL,2010,Male,14,MICHAEL,2080
303,Star Trek: Discovery,2017-09-24,MICHAEL,2011,Male,13,MICHAEL,2090
304,Star Trek: Discovery,2017-09-24,MICHAEL,2012,Male,12,MICHAEL,1985
305,Star Trek: Discovery,2017-09-24,MICHAEL,2013,Male,11,MICHAEL,1963
306,Star Trek: Discovery,2017-09-24,MICHAEL,2014,Male,11,MICHAEL,1985
307,Star Trek: Discovery,2017-09-24,MICHAEL,2015,Male,13,MICHAEL,1852
308,Star Trek: Discovery,2017-09-24,MICHAEL,2016,Male,13,MICHAEL,1759
309,Star Trek: Discovery,2017-09-24,MICHAEL,2017,Male,22,MICHAEL,1507
310,Peaky Blinders,2013-09-12,GRACE,2013,Female,23,GRACE,869
311,Peaky Blinders,2013-09-12,GRACE,2014,Female,21,GRACE,948
312,Peaky Blinders,2013-09-12,GRACE,2015,Female,25,GRACE,895
313,Peaky Blinders,2013-09-12,GRACE,2017,Female,23,GRACE,882
314,Orange Is the New Black,2013-07-11,NATALIE,2005,Female,6,NATALIE,2035
315,Orange Is the New Black,2013-07-11,NATALIE,2006,Female,6,NATALIE,2218
316,Orange Is the New Black,2013-07-11,NATALIE,2007,Female,7,NATALIE,1907
317,Orange Is the New Black,2013-07-11,NATALIE,2008,Female,6,NATALIE,1870
318,Orange Is the New Black,2013-07-11,NATALIE,2009,Female,6,NATALIE,1726
319,Orange Is the New Black,2013-07-11,NATALIE,2010,Female,9,NATALIE,1463
320,Orange Is the New Black,2013-07-11,NATALIE,2011,Female,10,NATALIE,1484
321,Orange Is the New Black,2013-07-11,NATALIE,2012,Female,13,NATALIE,1288
322,Orange Is the New Black,2013-07-11,NATALIE,2013,Female,13,NATALIE,1137
323,Orange Is the New Black,2013-07-11,NATALIE,2014,Female,16,NATALIE,1064
324,Orange Is the New Black,2013-07-11,NATALIE,2015,Female,22,NATALIE,937
325,Chicago Med,2015-11-17,NATALIE,2005,Female,6,NATALIE,2035
326,Chicago Med,2015-11-17,NATALIE,2006,Female,6,NATALIE,2218
327,Chicago Med,2015-11-17,NATALIE,2007,Female,7,NATALIE,1907
328,Chicago Med,2015-11-17,NATALIE,2008,Female,6,NATALIE,1870
329,Chicago Med,2015-11-17,NATALIE,2009,Female,6,NATALIE,1726
330,Chicago Med,2015-11-17,NATALIE,2010,Female,9,NATALIE,1463
331,Chicago Med,2015-11-17,NATALIE,2011,Female,10,NATALIE,1484
332,Chicago Med,2015-11-17,NATALIE,2012,Female,13,NATALIE,1288
333,Chicago Med,2015-11-17,NATALIE,2013,Female,13,NATALIE,1137
334,Chicago Med,2015-11-17,NATALIE,2014,Female,16,NATALIE,1064
335,Chicago Med,2015-11-17,NATALIE,2015,Female,22,NATALIE,937
336,Orange Is the New Black,2013-07-11,SOPHIA,2005,Female,7,SOPHIA,1876
337,Orange Is the New Black,2013-07-11,SOPHIA,2006,Female,7,SOPHIA,1958
338,Orange Is the New Black,2013-07-11,SOPHIA,2007,Female,3,SOPHIA,2582
339,Orange Is the New Black,2013-07-11,SOPHIA,2008,Female,3,SOPHIA,2561
340,Orange Is the New Black,2013-07-11,SOPHIA,2009,Female,2,SOPHIA,2647
341,Orange Is the New Black,2013-07-11,SOPHIA,2010,Female,2,SOPHIA,3339
342,Orange Is the New Black,2013-07-11,SOPHIA,2011,Female,1,SOPHIA,3540
343,Orange Is the New Black,2013-07-11,SOPHIA,2012,Female,1,SOPHIA,3610
344,Orange Is the New Black,2013-07-11,SOPHIA,2013,Female,1,SOPHIA,3442
345,Orange Is the New Black,2013-07-11,SOPHIA,2014,Female,1,SOPHIA,3160
346,Orange Is the New Black,2013-07-11,SOPHIA,2015,Female,1,SOPHIA,2936
347,Orange Is the New Black,2013-07-11,SOPHIA,2016,Female,2,SOPHIA,2740
348,Orange Is the New Black,2013-07-11,SOPHIA,2017,Female,4,SOPHIA,2436
349,The 100,2014-03-19,NATHAN,2005,Male,15,NATHAN,2399
350,The 100,2014-03-19,NATHAN,2006,Male,15,NATHAN,2440
351,The 100,2014-03-19,NATHAN,2007,Male,16,NATHAN,2447
352,The 100,2014-03-19,NATHAN,2008,Male,13,NATHAN,2513
353,The 100,2014-03-19,NATHAN,2009,Male,13,NATHAN,2332
354,The 100,2014-03-19,NATHAN,2010,Male,10,NATHAN,2259
355,The 100,2014-03-19,NATHAN,2011,Male,10,NATHAN,2241
356,The 100,2014-03-19,NATHAN,2012,Male,9,NATHAN,2230
357,The 100,2014-03-19,NATHAN,2013,Male,9,NATHAN,2072
358,The 100,2014-03-19,NATHAN,2014,Male,16,NATHAN,1862
359,The 100,2014-03-19,NATHAN,2015,Male,14,NATHAN,1850
360,The 100,2014-03-19,NATHAN,2016,Male,16,NATHAN,1691
361,The 100,2014-03-19,NATHAN,2017,Male,19,NATHAN,1518
362,Chicago P.D.,2014-01-08,HAILEY,2010,Female,24,HAILEY,912
363,Chicago P.D.,2014-01-08,HAILEY,2011,Female,21,HAILEY,928
364,Chicago P.D.,2014-01-08,HAILEY,2012,Female,22,HAILEY,897
365,How to Get Away with Murder,2014-09-25,OLIVER,2016,Male,23,OLIVER,1543
366,How to Get Away with Murder,2014-09-25,OLIVER,2017,Male,16,OLIVER,1561
367,NCIS: New Orleans,2014-09-23,CHRISTOPHER,2005,Male,12,CHRISTOPHER,2581
368,NCIS: New Orleans,2014-09-23,CHRISTOPHER,2006,Male,9,CHRISTOPHER,2864
369,NCIS: New Orleans,2014-09-23,CHRISTOPHER,2007,Male,7,CHRISTOPHER,2972
370,NCIS: New Orleans,2014-09-23,CHRISTOPHER,2008,Male,9,CHRISTOPHER,2603
371,NCIS: New Orleans,2014-09-23,CHRISTOPHER,2009,Male,11,CHRISTOPHER,2384
372,NCIS: New Orleans,2014-09-23,CHRISTOPHER,2010,Male,15,CHRISTOPHER,2021
373,NCIS: New Orleans,2014-09-23,CHRISTOPHER,2011,Male,21,CHRISTOPHER,1768
374,NCIS: New Orleans,2014-09-23,CHRISTOPHER,2012,Male,21,CHRISTOPHER,1713
375,Fear the Walking Dead,2015-08-23,MADISON,2005,Female,10,MADISON,1523
376,Fear the Walking Dead,2015-08-23,MADISON,2006,Female,11,MADISON,1433
377,Fear the Walking Dead,2015-08-23,MADISON,2007,Female,15,MADISON,1341
378,Fear the Walking Dead,2015-08-23,MADISON,2008,Female,13,MADISON,1404
379,Fear the Walking Dead,2015-08-23,MADISON,2009,Female,16,MADISON,1211
380,Fear the Walking Dead,2015-08-23,MADISON,2010,Female,19,MADISON,1032
381,Fear the Walking Dead,2015-08-23,MADISON,2011,Female,17,MADISON,1100
382,Fear the Walking Dead,2015-08-23,MADISON,2012,Female,19,MADISON,985
383,Fear the Walking Dead,2015-08-23,MADISON,2013,Female,19,MADISON,969
384,Fear the Walking Dead,2015-08-23,MADISON,2014,Female,18,MADISON,985
385,Fear the Walking Dead,2015-08-23,MADISON,2015,Female,17,MADISON,1029
386,Fear the Walking Dead,2015-08-23,MADISON,2016,Female,23,MADISON,914
387,Fear the Walking Dead,2015-08-23,DANIEL,2005,Male,1,DANIEL,3889
388,Fear the Walking Dead,2015-08-23,DANIEL,2006,Male,1,DANIEL,3797
389,Fear the Walking Dead,2015-08-23,DANIEL,2007,Male,1,DANIEL,3838
390,Fear the Walking Dead,2015-08-23,DANIEL,2008,Male,1,DANIEL,3722
391,Fear the Walking Dead,2015-08-23,DANIEL,2009,Male,1,DANIEL,3379
392,Fear the Walking Dead,2015-08-23,DANIEL,2010,Male,2,DANIEL,3120
393,Fear the Walking Dead,2015-08-23,DANIEL,2011,Male,2,DANIEL,2872
394,Fear the Walking Dead,2015-08-23,DANIEL,2012,Male,4,DANIEL,2654
395,Fear the Walking Dead,2015-08-23,DANIEL,2013,Male,3,DANIEL,2588
396,Fear the Walking Dead,2015-08-23,DANIEL,2014,Male,4,DANIEL,2542
397,Fear the Walking Dead,2015-08-23,DANIEL,2015,Male,4,DANIEL,2457
398,Fear the Walking Dead,2015-08-23,DANIEL,2016,Male,4,DANIEL,2284
399,Fear the Walking Dead,2015-08-23,DANIEL,2017,Male,6,DANIEL,2088
400,Chicago Med,2015-11-17,DANIEL,2005,Male,1,DANIEL,3889
401,Chicago Med,2015-11-17,DANIEL,2006,Male,1,DANIEL,3797
402,Chicago Med,2015-11-17,DANIEL,2007,Male,1,DANIEL,3838
403,Chicago Med,2015-11-17,DANIEL,2008,Male,1,DANIEL,3722
404,Chicago Med,2015-11-17,DANIEL,2009,Male,1,DANIEL,3379
405,Chicago Med,2015-11-17,DANIEL,2010,Male,2,DANIEL,3120
406,Chicago Med,2015-11-17,DANIEL,2011,Male,2,DANIEL,2872
407,Chicago Med,2015-11-17,DANIEL,2012,Male,4,DANIEL,2654
408,Chicago Med,2015-11-17,DANIEL,2013,Male,3,DANIEL,2588
409,Chicago Med,2015-11-17,DANIEL,2014,Male,4,DANIEL,2542
410,Chicago Med,2015-11-17,DANIEL,2015,Male,4,DANIEL,2457
411,Chicago Med,2015-11-17,DANIEL,2016,Male,4,DANIEL,2284
412,Chicago Med,2015-11-17,DANIEL,2017,Male,6,DANIEL,2088
413,The Man in the High Castle,2015-01-15,JENNIFER,2005,Female,17,JENNIFER,1291
414,Chicago Med,2015-11-17,ETHAN,2005,Male,16,ETHAN,2354
415,Chicago Med,2015-11-17,ETHAN,2006,Male,16,ETHAN,2379
416,Chicago Med,2015-11-17,ETHAN,2007,Male,14,ETHAN,2503
417,Chicago Med,2015-11-17,ETHAN,2008,Male,12,ETHAN,2514
418,Chicago Med,2015-11-17,ETHAN,2009,Male,6,ETHAN,2663
419,Chicago Med,2015-11-17,ETHAN,2010,Male,6,ETHAN,2455
420,Chicago Med,2015-11-17,ETHAN,2011,Male,7,ETHAN,2379
421,Chicago Med,2015-11-17,ETHAN,2012,Male,3,ETHAN,2659
422,Chicago Med,2015-11-17,ETHAN,2013,Male,2,ETHAN,2648
423,Chicago Med,2015-11-17,ETHAN,2014,Male,3,ETHAN,2553
424,Chicago Med,2015-11-17,ETHAN,2015,Male,3,ETHAN,2461
425,Chicago Med,2015-11-17,ETHAN,2016,Male,3,ETHAN,2322
426,Chicago Med,2015-11-17,ETHAN,2017,Male,4,ETHAN,2147
427,Chicago Med,2015-11-17,AVA,2005,Female,18,AVA,1223
428,Chicago Med,2015-11-17,AVA,2006,Female,10,AVA,1467
429,Chicago Med,2015-11-17,AVA,2007,Female,12,AVA,1476
430,Chicago Med,2015-11-17,AVA,2008,Female,10,AVA,1462
431,Chicago Med,2015-11-17,AVA,2009,Female,11,AVA,1337
432,Chicago Med,2015-11-17,AVA,2010,Female,10,AVA,1402
433,Chicago Med,2015-11-17,AVA,2011,Female,12,AVA,1370
434,Chicago Med,2015-11-17,AVA,2012,Female,10,AVA,1404
435,Chicago Med,2015-11-17,AVA,2013,Female,12,AVA,1337
436,Chicago Med,2015-11-17,AVA,2014,Female,11,AVA,1427
437,Chicago Med,2015-11-17,AVA,2015,Female,10,AVA,1533
438,Chicago Med,2015-11-17,AVA,2016,Female,9,AVA,1606
439,Chicago Med,2015-11-17,AVA,2017,Female,10,AVA,1524
440,DC's Legends of Tomorrow,2016-01-21,AVA,2005,Female,18,AVA,1223
441,DC's Legends of Tomorrow,2016-01-21,AVA,2006,Female,10,AVA,1467
442,DC's Legends of Tomorrow,2016-01-21,AVA,2007,Female,12,AVA,1476
443,DC's Legends of Tomorrow,2016-01-21,AVA,2008,Female,10,AVA,1462
444,DC's Legends of Tomorrow,2016-01-21,AVA,2009,Female,11,AVA,1337
445,DC's Legends of Tomorrow,2016-01-21,AVA,2010,Female,10,AVA,1402
446,DC's Legends of Tomorrow,2016-01-21,AVA,2011,Female,12,AVA,1370
447,DC's Legends of Tomorrow,2016-01-21,AVA,2012,Female,10,AVA,1404
448,DC's Legends of Tomorrow,2016-01-21,AVA,2013,Female,12,AVA,1337
449,DC's Legends of Tomorrow,2016-01-21,AVA,2014,Female,11,AVA,1427
450,DC's Legends of Tomorrow,2016-01-21,AVA,2015,Female,10,AVA,1533
451,DC's Legends of Tomorrow,2016-01-21,AVA,2016,Female,9,AVA,1606
452,DC's Legends of Tomorrow,2016-01-21,AVA,2017,Female,10,AVA,1524
453,Lucifer,2016-01-25,CHLOE,2007,Female,23,CHLOE,1164
454,Lucifer,2016-01-25,CHLOE,2008,Female,16,CHLOE,1346
455,Lucifer,2016-01-25,CHLOE,2009,Female,13,CHLOE,1302
456,Lucifer,2016-01-25,CHLOE,2010,Female,12,CHLOE,1363
457,Lucifer,2016-01-25,CHLOE,2011,Female,13,CHLOE,1270
458,Lucifer,2016-01-25,CHLOE,2012,Female,15,CHLOE,1091
459,Lucifer,2016-01-25,CHLOE,2013,Female,16,CHLOE,1043
460,Lucifer,2016-01-25,CHLOE,2014,Female,17,CHLOE,1048
461,Lucifer,2016-01-25,CHLOE,2015,Female,21,CHLOE,946
462,Lucifer,2016-01-25,CHLOE,2016,Female,21,CHLOE,977
463,Lucifer,2016-01-25,CHLOE,2017,Female,21,CHLOE,949
464,13 Reasons Why,2017-03-31,CHLOE,2007,Female,23,CHLOE,1164
465,13 Reasons Why,2017-03-31,CHLOE,2008,Female,16,CHLOE,1346
466,13 Reasons Why,2017-03-31,CHLOE,2009,Female,13,CHLOE,1302
467,13 Reasons Why,2017-03-31,CHLOE,2010,Female,12,CHLOE,1363
468,13 Reasons Why,2017-03-31,CHLOE,2011,Female,13,CHLOE,1270
469,13 Reasons Why,2017-03-31,CHLOE,2012,Female,15,CHLOE,1091
470,13 Reasons Why,2017-03-31,CHLOE,2013,Female,16,CHLOE,1043
471,13 Reasons Why,2017-03-31,CHLOE,2014,Female,17,CHLOE,1048
472,13 Reasons Why,2017-03-31,CHLOE,2015,Female,21,CHLOE,946
473,13 Reasons Why,2017-03-31,CHLOE,2016,Female,21,CHLOE,977
474,13 Reasons Why,2017-03-31,CHLOE,2017,Female,21,CHLOE,949
475,Lucifer,2016-01-25,ELLA,2011,Female,23,ELLA,908
476,Lucifer,2016-01-25,CHARLOTTE,2012,Female,21,CHARLOTTE,908
477,Lucifer,2016-01-25,CHARLOTTE,2013,Female,15,CHARLOTTE,1052
478,Lucifer,2016-01-25,CHARLOTTE,2014,Female,13,CHARLOTTE,1121
479,Lucifer,2016-01-25,CHARLOTTE,2015,Female,13,CHARLOTTE,1336
480,Lucifer,2016-01-25,CHARLOTTE,2016,Female,12,CHARLOTTE,1368
481,Lucifer,2016-01-25,CHARLOTTE,2017,Female,12,CHARLOTTE,1387
482,Westworld,2016-10-02,CHARLOTTE,2012,Female,21,CHARLOTTE,908
483,Westworld,2016-10-02,CHARLOTTE,2013,Female,15,CHARLOTTE,1052
484,Westworld,2016-10-02,CHARLOTTE,2014,Female,13,CHARLOTTE,1121
485,Westworld,2016-10-02,CHARLOTTE,2015,Female,13,CHARLOTTE,1336
486,Westworld,2016-10-02,CHARLOTTE,2016,Female,12,CHARLOTTE,1368
487,Westworld,2016-10-02,CHARLOTTE,2017,Female,12,CHARLOTTE,1387
488,Stranger Things,2016-07-15,LUCAS,2016,Male,18,LUCAS,1628
489,Stranger Things,2016-07-15,LUCAS,2017,Male,14,LUCAS,1633
490,The Crown,2016-11-04,ANTHONY,2005,Male,2,ANTHONY,3714
491,The Crown,2016-11-04,ANTHONY,2006,Male,2,ANTHONY,3762
492,The Crown,2016-11-04,ANTHONY,2007,Male,2,ANTHONY,3766
493,The Crown,2016-11-04,ANTHONY,2008,Male,2,ANTHONY,3623
494,The Crown,2016-11-04,ANTHONY,2009,Male,2,ANTHONY,3073
495,The Crown,2016-11-04,ANTHONY,2010,Male,3,ANTHONY,2845
496,The Crown,2016-11-04,ANTHONY,2011,Male,4,ANTHONY,2676
497,The Crown,2016-11-04,ANTHONY,2012,Male,8,ANTHONY,2408
498,The Crown,2016-11-04,ANTHONY,2013,Male,8,ANTHONY,2220
499,The Crown,2016-11-04,ANTHONY,2014,Male,8,ANTHONY,2071
500,The Crown,2016-11-04,ANTHONY,2015,Male,16,ANTHONY,1765
501,The Crown,2016-11-04,ANTHONY,2016,Male,17,ANTHONY,1651
502,The Crown,2016-11-04,ANTHONY,2017,Male,24,ANTHONY,1439
503,Westworld,2016-10-02,ASHLEY,2005,Female,2,ASHLEY,2770
504,Westworld,2016-10-02,ASHLEY,2006,Female,3,ASHLEY,2596
505,Westworld,2016-10-02,ASHLEY,2007,Female,4,ASHLEY,2507
506,Westworld,2016-10-02,ASHLEY,2008,Female,5,ASHLEY,2035
507,Westworld,2016-10-02,ASHLEY,2009,Female,8,ASHLEY,1612
508,Westworld,2016-10-02,ASHLEY,2010,Female,13,ASHLEY,1307
509,Westworld,2016-10-02,ASHLEY,2011,Female,16,ASHLEY,1147
510,Westworld,2016-10-02,ASHLEY,2012,Female,18,ASHLEY,997
511,Designated Survivor,2016-09-21,EMILY,2005,Female,1,EMILY,3268
512,Designated Survivor,2016-09-21,EMILY,2006,Female,1,EMILY,3085
513,Designated Survivor,2016-09-21,EMILY,2007,Female,1,EMILY,2952
514,Designated Survivor,2016-09-21,EMILY,2008,Female,1,EMILY,2767
515,Designated Survivor,2016-09-21,EMILY,2009,Female,3,EMILY,2529
516,Designated Survivor,2016-09-21,EMILY,2010,Female,3,EMILY,2381
517,Designated Survivor,2016-09-21,EMILY,2011,Female,3,EMILY,2387
518,Designated Survivor,2016-09-21,EMILY,2012,Female,4,EMILY,2416
519,Designated Survivor,2016-09-21,EMILY,2013,Female,5,EMILY,2279
520,Designated Survivor,2016-09-21,EMILY,2014,Female,6,EMILY,2264
521,Designated Survivor,2016-09-21,EMILY,2015,Female,6,EMILY,2138
522,Designated Survivor,2016-09-21,EMILY,2016,Female,6,EMILY,1944
523,Designated Survivor,2016-09-21,EMILY,2017,Female,6,EMILY,1805
524,The Handmaid's Tale,2017-04-26,EMILY,2005,Female,1,EMILY,3268
525,The Handmaid's Tale,2017-04-26,EMILY,2006,Female,1,EMILY,3085
526,The Handmaid's Tale,2017-04-26,EMILY,2007,Female,1,EMILY,2952
527,The Handmaid's Tale,2017-04-26,EMILY,2008,Female,1,EMILY,2767
528,The Handmaid's Tale,2017-04-26,EMILY,2009,Female,3,EMILY,2529
529,The Handmaid's Tale,2017-04-26,EMILY,2010,Female,3,EMILY,2381
530,The Handmaid's Tale,2017-04-26,EMILY,2011,Female,3,EMILY,2387
531,The Handmaid's Tale,2017-04-26,EMILY,2012,Female,4,EMILY,2416
532,The Handmaid's Tale,2017-04-26,EMILY,2013,Female,5,EMILY,2279
533,The Handmaid's Tale,2017-04-26,EMILY,2014,Female,6,EMILY,2264
534,The Handmaid's Tale,2017-04-26,EMILY,2015,Female,6,EMILY,2138
535,The Handmaid's Tale,2017-04-26,EMILY,2016,Female,6,EMILY,1944
536,The Handmaid's Tale,2017-04-26,EMILY,2017,Female,6,EMILY,1805
537,Designated Survivor,2016-09-21,HANNAH,2005,Female,19,HANNAH,1217
538,Designated Survivor,2016-09-21,HANNAH,2006,Female,21,HANNAH,1198
539,Designated Survivor,2016-09-21,HANNAH,2007,Female,22,HANNAH,1167
540,13 Reasons Why,2017-03-31,HANNAH,2005,Female,19,HANNAH,1217
541,13 Reasons Why,2017-03-31,HANNAH,2006,Female,21,HANNAH,1198
542,13 Reasons Why,2017-03-31,HANNAH,2007,Female,22,HANNAH,1167
543,Riverdale,2017-01-26,PENELOPE,2015,Female,19,PENELOPE,989
544,Riverdale,2017-01-26,PENELOPE,2016,Female,15,PENELOPE,1055
545,Riverdale,2017-01-26,PENELOPE,2017,Female,16,PENELOPE,1086
546,The End of the F***ing World,2017-10-24,ALYSSA,2005,Female,9,ALYSSA,1612
547,The End of the F***ing World,2017-10-24,ALYSSA,2006,Female,13,ALYSSA,1392
548,The End of the F***ing World,2017-10-24,ALYSSA,2007,Female,9,ALYSSA,1552
549,The End of the F***ing World,2017-10-24,ALYSSA,2008,Female,15,ALYSSA,1353
550,The End of the F***ing World,2017-10-24,ALYSSA,2009,Female,17,ALYSSA,1202
551,The End of the F***ing World,2017-10-24,ALYSSA,2010,Female,16,ALYSSA,1064
552,The End of the F***ing World,2017-10-24,ALYSSA,2011,Female,20,ALYSSA,931
553,The Handmaid's Tale,2017-04-26,BRIANNA,2005,Female,16,BRIANNA,1347
554,The Handmaid's Tale,2017-04-26,BRIANNA,2006,Female,14,BRIANNA,1392
555,The Handmaid's Tale,2017-04-26,BRIANNA,2007,Female,17,BRIANNA,1328
556,The Handmaid's Tale,2017-04-26,BRIANNA,2008,Female,19,BRIANNA,1230
557,The Handmaid's Tale,2017-04-26,BRIANNA,2009,Female,18,BRIANNA,1186
558,The Handmaid's Tale,2017-04-26,BRIANNA,2010,Female,18,BRIANNA,1046
559,Big Mouth,2017-09-29,MATTHEW,2005,Male,9,MATTHEW,2841
560,Big Mouth,2017-09-29,MATTHEW,2006,Male,10,MATTHEW,2732
561,Big Mouth,2017-09-29,MATTHEW,2007,Male,12,MATTHEW,2573
562,Big Mouth,2017-09-29,MATTHEW,2008,Male,11,MATTHEW,2530
563,Big Mouth,2017-09-29,MATTHEW,2009,Male,9,MATTHEW,2415
564,Big Mouth,2017-09-29,MATTHEW,2010,Male,11,MATTHEW,2215
565,Big Mouth,2017-09-29,MATTHEW,2011,Male,5,MATTHEW,2456
566,Big Mouth,2017-09-29,MATTHEW,2012,Male,5,MATTHEW,2623
567,Big Mouth,2017-09-29,MATTHEW,2013,Male,5,MATTHEW,2548
568,Big Mouth,2017-09-29,MATTHEW,2014,Male,6,MATTHEW,2463
569,Big Mouth,2017-09-29,MATTHEW,2015,Male,5,MATTHEW,2419
570,Big Mouth,2017-09-29,MATTHEW,2016,Male,2,MATTHEW,2406
571,Big Mouth,2017-09-29,MATTHEW,2017,Male,5,MATTHEW,2132
572,13 Reasons Why,2017-03-31,OLIVIA,2006,Female,20,OLIVIA,1202
573,13 Reasons Why,2017-03-31,OLIVIA,2007,Female,16,OLIVIA,1333
574,13 Reasons Why,2017-03-31,OLIVIA,2008,Female,11,OLIVIA,1415
575,13 Reasons Why,2017-03-31,OLIVIA,2009,Female,10,OLIVIA,1544
576,13 Reasons Why,2017-03-31,OLIVIA,2010,Female,7,OLIVIA,1624
577,13 Reasons Why,2017-03-31,OLIVIA,2011,Female,6,OLIVIA,1780
578,13 Reasons Why,2017-03-31,OLIVIA,2012,Female,6,OLIVIA,1894
579,13 Reasons Why,2017-03-31,OLIVIA,2013,Female,6,OLIVIA,2151
580,13 Reasons Why,2017-03-31,OLIVIA,2014,Female,5,OLIVIA,2403
581,13 Reasons Why,2017-03-31,OLIVIA,2015,Female,4,OLIVIA,2506
582,13 Reasons Why,2017-03-31,OLIVIA,2016,Female,4,OLIVIA,2529
583,13 Reasons Why,2017-03-31,OLIVIA,2017,Female,3,OLIVIA,2479
